<?xml version="1.0" encoding="UTF-8"?>
<!DOCTYPE struts PUBLIC
    "-//Apache Software Foundation//DTD Struts Configuration 2.0//EN"
    "http://struts.apache.org/dtds/struts-2.0.dtd">

<struts>
	<include file="struts-default.xml" />
	
	<constant name="struts.enable.DynamicMethodInvocation" value="true"/>
  	<constant name="struts.multipart.maxSize" value="30000000" />
  	<constant name="struts.ognl.allowStaticMethodAccess" value="true"/>
  	<constant name="struts.multipart.saveDir" value="/tmp"></constant>
  	<constant name="struts.action.extension" value="php"/>
  	
  	<package name="stripems" extends="struts-default">	
  	
	  	<!-- Global Exception -->
		<!-- <global-results>
			<result name="nullpointer">error.jsp</result>
			<result name="error">error.jsp</result>
			<result name="sessionTimeOut" type="redirect">/</result>
			<result name="illegalargs" type="redirect">/</result>	
		</global-results>
		
		<global-exception-mappings>
			<exception-mapping result="nullpointer" exception="java.lang.NullPointerException"></exception-mapping>
			<exception-mapping result="illegalargs" exception="java.lang.IllegalArgumentException"></exception-mapping>
		</global-exception-mappings> -->
		
		
		<action name="checkout" method="checkout" class="com.tgl.controller.StripeController"></action>
	</package>
</struts>